host,ip,port,protocol,title,domain,country,city,link,org
124.165.156.61:8899,124.165.156.61,8899,http,,,CN,Taiyuan,http://124.165.156.61:8899,CHINA UNICOM China169 Backbone
122.188.62.162:8800,122.188.62.162,8800,http,,,CN,Jingzhou,http://122.188.62.162:8800,CHINA UNICOM China169 Backbone
116.179.186.212:888,116.179.186.212,888,http,,,CN,Datong,http://116.179.186.212:888,CHINA UNICOM China169 Backbone
59.110.217.28:29999,59.110.217.28,29999,http,,,CN,Beijing,http://59.110.217.28:29999,"Hangzhou Alibaba Advertising Co.,Ltd."
110.80.17.38:9999,110.80.17.38,9999,http,,,CN,Xiamen,http://110.80.17.38:9999,Chinanet
101.18.26.213:808,101.18.26.213,808,http,,,CN,Baoding,http://101.18.26.213:808,CHINA UNICOM China169 Backbone
58.46.78.141:9999,58.46.78.141,9999,http,,,CN,Loudi,http://58.46.78.141:9999,Chinanet
58.46.29.181:9999,58.46.29.181,9999,http,,,CN,Loudi,http://58.46.29.181:9999,Chinanet
171.117.12.139:9999,171.117.12.139,9999,http,,,CN,Taiyuan,http://171.117.12.139:9999,CHINA UNICOM China169 Backbone
58.245.255.38:9999,58.245.255.38,9999,http,,,CN,Songyuan,http://58.245.255.38:9999,CHINA UNICOM China169 Backbone
58.46.30.60:9999,58.46.30.60,9999,http,,,CN,Loudi,http://58.46.30.60:9999,Chinanet
171.117.14.132:9999,171.117.14.132,9999,http,,,CN,Taiyuan,http://171.117.14.132:9999,CHINA UNICOM China169 Backbone
59.32.97.252:9999,59.32.97.252,9999,http,,,CN,Meizhou,http://59.32.97.252:9999,Chinanet
59.32.97.163:9999,59.32.97.163,9999,http,,,CN,Meizhou,http://59.32.97.163:9999,Chinanet
171.116.58.97:9999,171.116.58.97,9999,http,,,CN,Taiyuan,http://171.116.58.97:9999,CHINA UNICOM China169 Backbone
171.38.91.144:8181,171.38.91.144,8181,http,,,CN,Nanning,http://171.38.91.144:8181,CHINA UNICOM China169 Backbone
110.72.73.61:8181,110.72.73.61,8181,http,,,CN,Nanning,http://110.72.73.61:8181,CHINA UNICOM China169 Backbone
110.72.84.235:8181,110.72.84.235,8181,http,,,CN,Nanning,http://110.72.84.235:8181,CHINA UNICOM China169 Backbone
110.72.83.232:8181,110.72.83.232,8181,http,,,CN,Nanning,http://110.72.83.232:8181,CHINA UNICOM China169 Backbone
171.38.149.58:8082,171.38.149.58,8082,http,,,CN,Nanning,http://171.38.149.58:8082,CHINA UNICOM China169 Backbone
171.38.36.76:8181,171.38.36.76,8181,http,,,CN,Nanning,http://171.38.36.76:8181,CHINA UNICOM China169 Backbone
118.77.60.87:8899,118.77.60.87,8899,http,,,CN,Fenyang,http://118.77.60.87:8899,CHINA UNICOM China169 Backbone
171.38.91.149:8181,171.38.91.149,8181,http,,,CN,Nanning,http://171.38.91.149:8181,CHINA UNICOM China169 Backbone
171.38.77.185:8181,171.38.77.185,8181,http,,,CN,Nanning,http://171.38.77.185:8181,CHINA UNICOM China169 Backbone
110.72.59.218:8181,110.72.59.218,8181,http,,,CN,Nanning,http://110.72.59.218:8181,CHINA UNICOM China169 Backbone
171.127.55.136:888,171.127.55.136,888,http,,,CN,Taiyuan,http://171.127.55.136:888,CHINA UNICOM China169 Backbone
171.124.45.162:8899,171.124.45.162,8899,http,,,CN,Taiyuan,http://171.124.45.162:8899,CHINA UNICOM China169 Backbone
171.38.148.122:8082,171.38.148.122,8082,http,,,CN,Nanning,http://171.38.148.122:8082,CHINA UNICOM China169 Backbone
171.38.218.147:8082,171.38.218.147,8082,http,,,CN,Nanning,http://171.38.218.147:8082,CHINA UNICOM China169 Backbone
171.38.217.195:8082,171.38.217.195,8082,http,,,CN,Nanning,http://171.38.217.195:8082,CHINA UNICOM China169 Backbone
182.207.218.203:19902,182.207.218.203,19902,http,,,CN,Shenyang,http://182.207.218.203:19902,Chinanet
218.1.218.52:7777,218.1.218.52,7777,http,,,CN,Shanghai,http://218.1.218.52:7777,China Telecom Group
221.205.67.242:9999,221.205.67.242,9999,http,,,CN,Taiyuan,http://221.205.67.242:9999,CHINA UNICOM China169 Backbone
171.117.31.213:9999,171.117.31.213,9999,http,,,CN,Taiyuan,http://171.117.31.213:9999,CHINA UNICOM China169 Backbone
182.207.218.86:19902,182.207.218.86,19902,http,,,CN,Shenyang,http://182.207.218.86:19902,Chinanet
182.207.218.135:19902,182.207.218.135,19902,http,,,CN,Shenyang,http://182.207.218.135:19902,Chinanet
115.149.139.141:10001,115.149.139.141,10001,http,,,CN,Ganzhou,http://115.149.139.141:10001,Chinanet
58.46.93.137:9999,58.46.93.137,9999,http,,,CN,Loudi,http://58.46.93.137:9999,Chinanet
106.46.144.253:10443,106.46.144.253,10443,http,,,CN,Jiaozuo,http://106.46.144.253:10443,Chinanet
58.57.40.22:9901,58.57.40.22,9901,http,,,CN,Linyi,http://58.57.40.22:9901,Chinanet
58.46.79.189:9999,58.46.79.189,9999,http,,,CN,Loudi,http://58.46.79.189:9999,Chinanet
61.136.172.236:9901,61.136.172.236,9901,http,,,CN,Huangshi,http://61.136.172.236:9901,Chinanet
123.129.70.178:9901,123.129.70.178,9901,http,,,CN,Dongying,http://123.129.70.178:9901,CHINA UNICOM China169 Backbone
58.46.29.149:9999,58.46.29.149,9999,http,,,CN,Loudi,http://58.46.29.149:9999,Chinanet
171.117.29.12:9999,171.117.29.12,9999,http,,,CN,Taiyuan,http://171.117.29.12:9999,CHINA UNICOM China169 Backbone
171.38.27.61:8181,171.38.27.61,8181,http,,,CN,Nanning,http://171.38.27.61:8181,CHINA UNICOM China169 Backbone
222.83.135.39:8181,222.83.135.39,8181,http,,,CN,Nanning,http://222.83.135.39:8181,Chinanet
171.38.67.191:8181,171.38.67.191,8181,http,,,CN,Nanning,http://171.38.67.191:8181,CHINA UNICOM China169 Backbone
180.137.23.220:8181,180.137.23.220,8181,http,,,CN,Nanning,http://180.137.23.220:8181,Chinanet
171.38.85.88:8181,171.38.85.88,8181,http,,,CN,Nanning,http://171.38.85.88:8181,CHINA UNICOM China169 Backbone
110.72.73.47:8181,110.72.73.47,8181,http,,,CN,Nanning,http://110.72.73.47:8181,CHINA UNICOM China169 Backbone
110.72.54.214:8181,110.72.54.214,8181,http,,,CN,Nanning,http://110.72.54.214:8181,CHINA UNICOM China169 Backbone
110.72.70.65:8181,110.72.70.65,8181,http,,,CN,Nanning,http://110.72.70.65:8181,CHINA UNICOM China169 Backbone
118.249.195.70:8088,118.249.195.70,8088,http,,,CN,Changsha,http://118.249.195.70:8088,Chinanet
110.72.71.150:8181,110.72.71.150,8181,http,,,CN,Nanning,http://110.72.71.150:8181,CHINA UNICOM China169 Backbone
110.72.68.246:8181,110.72.68.246,8181,http,,,CN,Nanning,http://110.72.68.246:8181,CHINA UNICOM China169 Backbone
171.38.145.30:8082,171.38.145.30,8082,http,,,CN,Nanning,http://171.38.145.30:8082,CHINA UNICOM China169 Backbone
222.217.247.239:8181,222.217.247.239,8181,http,,,CN,Nanning,http://222.217.247.239:8181,Chinanet
171.38.193.115:8082,171.38.193.115,8082,http,,,CN,Nanning,http://171.38.193.115:8082,CHINA UNICOM China169 Backbone
222.83.134.136:8181,222.83.134.136,8181,http,,,CN,Nanning,http://222.83.134.136:8181,Chinanet
171.38.64.239:8181,171.38.64.239,8181,http,,,CN,Nanning,http://171.38.64.239:8181,CHINA UNICOM China169 Backbone
180.142.220.67:8181,180.142.220.67,8181,http,,,CN,Nanning,http://180.142.220.67:8181,Chinanet
171.127.55.156:888,171.127.55.156,888,http,,,CN,Taiyuan,http://171.127.55.156:888,CHINA UNICOM China169 Backbone
171.38.151.138:8082,171.38.151.138,8082,http,,,CN,Nanning,http://171.38.151.138:8082,CHINA UNICOM China169 Backbone
183.94.1.118:9000,183.94.1.118,9000,http,,,CN,Wuhan,http://183.94.1.118:9000,CHINA UNICOM China169 Backbone
42.48.17.189:9002,42.48.17.189,9002,http,,,CN,Changsha,http://42.48.17.189:9002,CHINA UNICOM China169 Backbone
113.218.239.90:9002,113.218.239.90,9002,http,,,CN,Changsha,http://113.218.239.90:9002,Chinanet
110.53.218.182:9002,110.53.218.182,9002,http,,,CN,Changsha,http://110.53.218.182:9002,CHINA UNICOM China169 Backbone
123.54.206.52:10443,123.54.206.52,10443,http,,,CN,Zhumadian,http://123.54.206.52:10443,Chinanet
180.165.11.149:7777,180.165.11.149,7777,http,,,CN,Shanghai,http://180.165.11.149:7777,China Telecom Group
118.77.62.250:8899,118.77.62.250,8899,http,,,CN,Fenyang,http://118.77.62.250:8899,CHINA UNICOM China169 Backbone
171.120.67.205:9999,171.120.67.205,9999,http,,,CN,Taiyuan,http://171.120.67.205:9999,CHINA UNICOM China169 Backbone
183.184.223.189:9999,183.184.223.189,9999,http,,,CN,Taiyuan,http://183.184.223.189:9999,CHINA UNICOM China169 Backbone
180.137.21.72:8181,180.137.21.72,8181,http,,,CN,Nanning,http://180.137.21.72:8181,Chinanet
222.83.134.179:8181,222.83.134.179,8181,http,,,CN,Nanning,http://222.83.134.179:8181,Chinanet
110.72.82.109:8181,110.72.82.109,8181,http,,,CN,Nanning,http://110.72.82.109:8181,CHINA UNICOM China169 Backbone
110.72.78.80:8181,110.72.78.80,8181,http,,,CN,Nanning,http://110.72.78.80:8181,CHINA UNICOM China169 Backbone
222.217.247.25:8181,222.217.247.25,8181,http,,,CN,Nanning,http://222.217.247.25:8181,Chinanet
221.2.148.205:8154,221.2.148.205,8154,http,,,CN,Weihai,http://221.2.148.205:8154,CHINA UNICOM China169 Backbone
222.169.85.8:9901,222.169.85.8,9901,http,,,CN,Liaoyuan,http://222.169.85.8:9901,Chinanet
110.72.63.85:8181,110.72.63.85,8181,http,,,CN,Nanning,http://110.72.63.85:8181,CHINA UNICOM China169 Backbone
171.110.10.78:8181,171.110.10.78,8181,http,,,CN,Yulin,http://171.110.10.78:8181,Chinanet
171.110.62.164:8181,171.110.62.164,8181,http,,,CN,Yulin,http://171.110.62.164:8181,Chinanet
110.72.75.204:8181,110.72.75.204,8181,http,,,CN,Nanning,http://110.72.75.204:8181,CHINA UNICOM China169 Backbone
110.72.65.116:8181,110.72.65.116,8181,http,,,CN,Nanning,http://110.72.65.116:8181,CHINA UNICOM China169 Backbone
171.38.194.52:8082,171.38.194.52,8082,http,,,CN,Nanning,http://171.38.194.52:8082,CHINA UNICOM China169 Backbone
222.217.247.242:8181,222.217.247.242,8181,http,,,CN,Nanning,http://222.217.247.242:8181,Chinanet
118.77.60.31:8899,118.77.60.31,8899,http,,,CN,Fenyang,http://118.77.60.31:8899,CHINA UNICOM China169 Backbone
101.18.24.48:808,101.18.24.48,808,http,,,CN,Baoding,http://101.18.24.48:808,CHINA UNICOM China169 Backbone
1.192.12.1:9901,1.192.12.1,9901,http,,,,,http://1.192.12.1:9901,
1.192.248.1:9901,1.192.248.1,9901,http,,,,,http://1.192.248.1:9901,
1.194.52.1:10086,1.194.52.1,10086,http,,,,,http://1.194.52.1:10086,
1.195.111.1:11190,1.195.111.1,11190,http,,,,,http://1.195.111.1:11190,
1.195.130.1:9901,1.195.130.1,9901,http,,,,,http://1.195.130.1:9901,
1.195.131.1:9901,1.195.131.1,9901,http,,,,,http://1.195.131.1:9901,
1.195.62.1:9901,1.195.62.1,9901,http,,,,,http://1.195.62.1:9901,
1.196.192.1:9901,1.196.192.1,9901,http,,,,,http://1.196.192.1:9901,
1.196.252.1:9901,1.196.252.1,9901,http,,,,,http://1.196.252.1:9901,
1.196.55.1:9901,1.196.55.1,9901,http,,,,,http://1.196.55.1:9901,
1.197.153.1:9901,1.197.153.1,9901,http,,,,,http://1.197.153.1:9901,
1.197.203.1:9901,1.197.203.1,9901,http,,,,,http://1.197.203.1:9901,
1.197.249.1:9901,1.197.249.1,9901,http,,,,,http://1.197.249.1:9901,
1.197.250.1:9901,1.197.250.1,9901,http,,,,,http://1.197.250.1:9901,
1.197.251.1:9901,1.197.251.1,9901,http,,,,,http://1.197.251.1:9901,
1.197.82.1:9901,1.197.82.1,9901,http,,,,,http://1.197.82.1:9901,
1.197.83.1:9901,1.197.83.1,9901,http,,,,,http://1.197.83.1:9901,
1.197.84.1:9901,1.197.84.1,9901,http,,,,,http://1.197.84.1:9901,
1.198.30.1:9901,1.198.30.1,9901,http,,,,,http://1.198.30.1:9901,
1.198.67.1:9901,1.198.67.1,9901,http,,,,,http://1.198.67.1:9901,
1.199.234.1:9901,1.199.234.1,9901,http,,,,,http://1.199.234.1:9901,
1.199.235.1:9901,1.199.235.1,9901,http,,,,,http://1.199.235.1:9901,
101.65.32.1:9901,101.65.32.1,9901,http,,,,,http://101.65.32.1:9901,
101.65.34.1:9901,101.65.34.1,9901,http,,,,,http://101.65.34.1:9901,
101.66.194.1:9901,101.66.194.1,9901,http,,,,,http://101.66.194.1:9901,
101.66.195.1:9901,101.66.195.1,9901,http,,,,,http://101.66.195.1:9901,
101.66.198.1:9901,101.66.198.1,9901,http,,,,,http://101.66.198.1:9901,
101.66.199.1:9901,101.66.199.1,9901,http,,,,,http://101.66.199.1:9901,
101.71.213.1:9901,101.71.213.1,9901,http,,,,,http://101.71.213.1:9901,
101.72.127.1:808,101.72.127.1,808,http,,,,,http://101.72.127.1:808,
101.74.28.1:9901,101.74.28.1,9901,http,,,,,http://101.74.28.1:9901,
103.39.222.1:9999,103.39.222.1,9999,http,,,,,http://103.39.222.1:9999,
106.115.121.1:9901,106.115.121.1,9901,http,,,,,http://106.115.121.1:9901,
106.118.70.1:9901,106.118.70.1,9901,http,,,,,http://106.118.70.1:9901,
106.124.91.1:9901,106.124.91.1,9901,http,,,,,http://106.124.91.1:9901,
106.46.114.1:8011,106.46.114.1,8011,http,,,,,http://106.46.114.1:8011,
106.46.147.1:10443,106.46.147.1,10443,http,,,,,http://106.46.147.1:10443,
106.46.34.1:9901,106.46.34.1,9901,http,,,,,http://106.46.34.1:9901,
106.55.164.1:9901,106.55.164.1,9901,http,,,,,http://106.55.164.1:9901,
110.189.180.1:9901,110.189.180.1,9901,http,,,,,http://110.189.180.1:9901,
110.52.99.1:9901,110.52.99.1,9901,http,,,,,http://110.52.99.1:9901,
110.53.218.1:9902,110.53.218.1,9902,http,,,,,http://110.53.218.1:9902,
110.7.128.1:8096,110.7.128.1,8096,http,,,,,http://110.7.128.1:8096,
110.7.129.1:8096,110.7.129.1,8096,http,,,,,http://110.7.129.1:8096,
110.7.130.1:8096,110.7.130.1,8096,http,,,,,http://110.7.130.1:8096,
110.72.53.1:8181,110.72.53.1,8181,http,,,,,http://110.72.53.1:8181,
110.81.206.1:50080,110.81.206.1,50080,http,,,,,http://110.81.206.1:50080,
111.15.174.1:8969,111.15.174.1,8969,http,,,,,http://111.15.174.1:8969,
111.225.112.1:808,111.225.112.1,808,http,,,,,http://111.225.112.1:808,
111.225.114.1:808,111.225.114.1,808,http,,,,,http://111.225.114.1:808,
111.225.115.1:9901,111.225.115.1,9901,http,,,,,http://111.225.115.1:9901,
111.33.89.1:9901,111.33.89.1,9901,http,,,,,http://111.33.89.1:9901,
111.59.63.1:9901,111.59.63.1,9901,http,,,,,http://111.59.63.1:9901,
111.74.155.1:9901,111.74.155.1,9901,http,,,,,http://111.74.155.1:9901,
111.78.22.1:9901,111.78.22.1,9901,http,,,,,http://111.78.22.1:9901,
111.78.34.1:9901,111.78.34.1,9901,http,,,,,http://111.78.34.1:9901,
111.8.224.1:8085,111.8.224.1,8085,http,,,,,http://111.8.224.1:8085,
111.8.242.1:8085,111.8.242.1,8085,http,,,,,http://111.8.242.1:8085,
111.8.242.1:9901,111.8.242.1,9901,http,,,,,http://111.8.242.1:9901,
111.8.242.1:9999,111.8.242.1,9999,http,,,,,http://111.8.242.1:9999,
111.9.163.1:9901,111.9.163.1,9901,http,,,,,http://111.9.163.1:9901,
112.101.78.1:9901,112.101.78.1,9901,http,,,,,http://112.101.78.1:9901,
112.116.14.1:9901,112.116.14.1,9901,http,,,,,http://112.116.14.1:9901,
112.116.15.1:9901,112.116.15.1,9901,http,,,,,http://112.116.15.1:9901,
112.123.130.1:9901,112.123.130.1,9901,http,,,,,http://112.123.130.1:9901,
112.123.138.1:9901,112.123.138.1,9901,http,,,,,http://112.123.138.1:9901,
112.123.217.1:9901,112.123.217.1,9901,http,,,,,http://112.123.217.1:9901,
112.123.218.1:9901,112.123.218.1,9901,http,,,,,http://112.123.218.1:9901,
112.123.219.1:9901,112.123.219.1,9901,http,,,,,http://112.123.219.1:9901,
112.132.160.1:9901,112.132.160.1,9901,http,,,,,http://112.132.160.1:9901,
112.193.114.1:9901,112.193.114.1,9901,http,,,,,http://112.193.114.1:9901,
112.193.42.1:9901,112.193.42.1,9901,http,,,,,http://112.193.42.1:9901,
112.194.128.1:9901,112.194.128.1,9901,http,,,,,http://112.194.128.1:9901,
112.194.140.1:9901,112.194.140.1,9901,http,,,,,http://112.194.140.1:9901,
112.194.206.1:9901,112.194.206.1,9901,http,,,,,http://112.194.206.1:9901,
112.234.21.1:9901,112.234.21.1,9901,http,,,,,http://112.234.21.1:9901,
112.234.23.1:9901,112.234.23.1,9901,http,,,,,http://112.234.23.1:9901,
112.235.200.1:9901,112.235.200.1,9901,http,,,,,http://112.235.200.1:9901,
112.235.201.1:9901,112.235.201.1,9901,http,,,,,http://112.235.201.1:9901,
112.235.202.1:9901,112.235.202.1,9901,http,,,,,http://112.235.202.1:9901,
112.26.18.1:9901,112.26.18.1,9901,http,,,,,http://112.26.18.1:9901,
112.27.145.1:9901,112.27.145.1,9901,http,,,,,http://112.27.145.1:9901,
112.5.146.1:9900,112.5.146.1,9900,http,,,,,http://112.5.146.1:9900,
112.5.89.1:9900,112.5.89.1,9900,http,,,,,http://112.5.89.1:9900,
112.5.89.1:9901,112.5.89.1,9901,http,,,,,http://112.5.89.1:9901,
112.6.117.1:9901,112.6.117.1,9901,http,,,,,http://112.6.117.1:9901,
112.6.126.1:9901,112.6.126.1,9901,http,,,,,http://112.6.126.1:9901,
112.6.165.1:9901,112.6.165.1,9901,http,,,,,http://112.6.165.1:9901,
112.6.178.1:9901,112.6.178.1,9901,http,,,,,http://112.6.178.1:9901,
112.91.103.1:9919,112.91.103.1,9919,http,,,,,http://112.91.103.1:9919,
112.99.193.1:9901,112.99.193.1,9901,http,,,,,http://112.99.193.1:9901,
112.99.195.1:9901,112.99.195.1,9901,http,,,,,http://112.99.195.1:9901,
112.99.200.1:9901,112.99.200.1,9901,http,,,,,http://112.99.200.1:9901,
113.100.72.1:9901,113.100.72.1,9901,http,,,,,http://113.100.72.1:9901,
113.111.104.1:9901,113.111.104.1,9901,http,,,,,http://113.111.104.1:9901,
113.116.145.1:8883,113.116.145.1,8883,http,,,,,http://113.116.145.1:8883,
113.116.56.1:8883,113.116.56.1,8883,http,,,,,http://113.116.56.1:8883,
113.116.58.1:8883,113.116.58.1,8883,http,,,,,http://113.116.58.1:8883,
113.116.59.1:8883,113.116.59.1,8883,http,,,,,http://113.116.59.1:8883,
113.124.234.1:9901,113.124.234.1,9901,http,,,,,http://113.124.234.1:9901,
113.124.72.1:9901,113.124.72.1,9901,http,,,,,http://113.124.72.1:9901,
113.15.186.1:8181,113.15.186.1,8181,http,,,,,http://113.15.186.1:8181,
113.195.13.1:9901,113.195.13.1,9901,http,,,,,http://113.195.13.1:9901,
113.195.162.1:9901,113.195.162.1,9901,http,,,,,http://113.195.162.1:9901,
113.195.4.1:9901,113.195.4.1,9901,http,,,,,http://113.195.4.1:9901,
113.195.45.1:9901,113.195.45.1,9901,http,,,,,http://113.195.45.1:9901,
113.195.7.1:9901,113.195.7.1,9901,http,,,,,http://113.195.7.1:9901,
113.195.8.1:9901,113.195.8.1,9901,http,,,,,http://113.195.8.1:9901,
113.200.214.1:9902,113.200.214.1,9902,http,,,,,http://113.200.214.1:9902,
113.201.61.1:9901,113.201.61.1,9901,http,,,,,http://113.201.61.1:9901,
113.205.195.1:9901,113.205.195.1,9901,http,,,,,http://113.205.195.1:9901,
113.205.196.1:9901,113.205.196.1,9901,http,,,,,http://113.205.196.1:9901,
113.206.102.1:9901,113.206.102.1,9901,http,,,,,http://113.206.102.1:9901,
113.218.188.1:9901,113.218.188.1,9901,http,,,,,http://113.218.188.1:9901,
113.218.189.1:8081,113.218.189.1,8081,http,,,,,http://113.218.189.1:8081,
113.218.190.1:8081,113.218.190.1,8081,http,,,,,http://113.218.190.1:8081,
113.218.204.1:8081,113.218.204.1,8081,http,,,,,http://113.218.204.1:8081,
113.220.232.1:9999,113.220.232.1,9999,http,,,,,http://113.220.232.1:9999,
113.220.233.1:9999,113.220.233.1,9999,http,,,,,http://113.220.233.1:9999,
113.220.234.1:9999,113.220.234.1,9999,http,,,,,http://113.220.234.1:9999,
113.220.235.1:9999,113.220.235.1,9999,http,,,,,http://113.220.235.1:9999,
113.223.12.1:9998,113.223.12.1,9998,http,,,,,http://113.223.12.1:9998,
113.236.30.1:9901,113.236.30.1,9901,http,,,,,http://113.236.30.1:9901,
113.245.217.1:9901,113.245.217.1,9901,http,,,,,http://113.245.217.1:9901,
113.245.218.1:9901,113.245.218.1,9901,http,,,,,http://113.245.218.1:9901,
113.245.219.1:9901,113.245.219.1,9901,http,,,,,http://113.245.219.1:9901,
113.57.20.1:9901,113.57.20.1,9901,http,,,,,http://113.57.20.1:9901,
113.57.93.1:9900,113.57.93.1,9900,http,,,,,http://113.57.93.1:9900,
113.64.94.1:9901,113.64.94.1,9901,http,,,,,http://113.64.94.1:9901,
113.70.161.1:9901,113.70.161.1,9901,http,,,,,http://113.70.161.1:9901,
113.81.21.1:9901,113.81.21.1,9901,http,,,,,http://113.81.21.1:9901,
113.92.198.1:8883,113.92.198.1,8883,http,,,,,http://113.92.198.1:8883,
114.254.92.1:88,114.254.92.1,88,http,,,,,http://114.254.92.1:88,
115.149.139.1:10001,115.149.139.1,10001,http,,,,,http://115.149.139.1:10001,
115.207.18.1:9901,115.207.18.1,9901,http,,,,,http://115.207.18.1:9901,
115.207.211.1:9901,115.207.211.1,9901,http,,,,,http://115.207.211.1:9901,
115.207.24.1:9901,115.207.24.1,9901,http,,,,,http://115.207.24.1:9901,
115.215.143.1:9901,115.215.143.1,9901,http,,,,,http://115.215.143.1:9901,
115.220.17.1:9901,115.220.17.1,9901,http,,,,,http://115.220.17.1:9901,
115.224.206.1:9901,115.224.206.1,9901,http,,,,,http://115.224.206.1:9901,
115.225.233.1:9901,115.225.233.1,9901,http,,,,,http://115.225.233.1:9901,
115.236.171.1:9901,115.236.171.1,9901,http,,,,,http://115.236.171.1:9901,
115.236.83.1:1111,115.236.83.1,1111,http,,,,,http://115.236.83.1:1111,
115.48.160.1:9901,115.48.160.1,9901,http,,,,,http://115.48.160.1:9901,
115.48.161.1:9901,115.48.161.1,9901,http,,,,,http://115.48.161.1:9901,
115.48.22.1:9901,115.48.22.1,9901,http,,,,,http://115.48.22.1:9901,
115.48.60.1:9901,115.48.60.1,9901,http,,,,,http://115.48.60.1:9901,
115.48.62.1:9901,115.48.62.1,9901,http,,,,,http://115.48.62.1:9901,
115.48.63.1:9901,115.48.63.1,9901,http,,,,,http://115.48.63.1:9901,
115.50.120.1:9901,115.50.120.1,9901,http,,,,,http://115.50.120.1:9901,
115.55.132.1:9901,115.55.132.1,9901,http,,,,,http://115.55.132.1:9901,
115.55.59.1:9901,115.55.59.1,9901,http,,,,,http://115.55.59.1:9901,
115.59.9.1:9901,115.59.9.1,9901,http,,,,,http://115.59.9.1:9901,
116.117.104.1:8096,116.117.104.1,8096,http,,,,,http://116.117.104.1:8096,
116.117.105.1:8096,116.117.105.1,8096,http,,,,,http://116.117.105.1:8096,
116.117.106.1:8096,116.117.106.1,8096,http,,,,,http://116.117.106.1:8096,
116.117.107.1:8096,116.117.107.1,8096,http,,,,,http://116.117.107.1:8096,
116.128.224.1:9901,116.128.224.1,9901,http,,,,,http://116.128.224.1:9901,
116.128.242.1:9901,116.128.242.1,9901,http,,,,,http://116.128.242.1:9901,
116.167.111.1:9901,116.167.111.1,9901,http,,,,,http://116.167.111.1:9901,
116.167.76.1:9901,116.167.76.1,9901,http,,,,,http://116.167.76.1:9901,
116.167.79.1:9901,116.167.79.1,9901,http,,,,,http://116.167.79.1:9901,
116.227.232.1:7777,116.227.232.1,7777,http,,,,,http://116.227.232.1:7777,
116.233.34.1:7777,116.233.34.1,7777,http,,,,,http://116.233.34.1:7777,
116.30.121.1:8883,116.30.121.1,8883,http,,,,,http://116.30.121.1:8883,
116.31.165.1:280,116.31.165.1,280,http,,,,,http://116.31.165.1:280,
116.31.165.1:3079,116.31.165.1,3079,http,,,,,http://116.31.165.1:3079,
116.31.165.1:6666,116.31.165.1,6666,http,,,,,http://116.31.165.1:6666,
116.55.141.1:9901,116.55.141.1,9901,http,,,,,http://116.55.141.1:9901,
116.55.176.1:9901,116.55.176.1,9901,http,,,,,http://116.55.176.1:9901,
116.55.180.1:9901,116.55.180.1,9901,http,,,,,http://116.55.180.1:9901,
117.174.99.1:9901,117.174.99.1,9901,http,,,,,http://117.174.99.1:9901,
117.27.190.1:9901,117.27.190.1,9901,http,,,,,http://117.27.190.1:9901,
117.27.190.1:9998,117.27.190.1,9998,http,,,,,http://117.27.190.1:9998,
117.90.196.1:6000,117.90.196.1,6000,http,,,,,http://117.90.196.1:6000,
118.122.189.1:9901,118.122.189.1,9901,http,,,,,http://118.122.189.1:9901,
118.248.167.1:8088,118.248.167.1,8088,http,,,,,http://118.248.167.1:8088,
118.248.168.1:8088,118.248.168.1,8088,http,,,,,http://118.248.168.1:8088,
118.248.169.1:8088,118.248.169.1,8088,http,,,,,http://118.248.169.1:8088,
118.248.170.1:8088,118.248.170.1,8088,http,,,,,http://118.248.170.1:8088,
118.248.216.1:8088,118.248.216.1,8088,http,,,,,http://118.248.216.1:8088,
118.253.0.1:2023,118.253.0.1,2023,http,,,,,http://118.253.0.1:2023,
118.72.48.1:888,118.72.48.1,888,http,,,,,http://118.72.48.1:888,
118.72.49.1:888,118.72.49.1,888,http,,,,,http://118.72.49.1:888,
118.72.50.1:888,118.72.50.1,888,http,,,,,http://118.72.50.1:888,
118.72.51.1:888,118.72.51.1,888,http,,,,,http://118.72.51.1:888,
118.72.68.1:888,118.72.68.1,888,http,,,,,http://118.72.68.1:888,
118.72.69.1:888,118.72.69.1,888,http,,,,,http://118.72.69.1:888,
118.81.106.1:9999,118.81.106.1,9999,http,,,,,http://118.81.106.1:9999,
118.81.107.1:9999,118.81.107.1,9999,http,,,,,http://118.81.107.1:9999,
119.119.77.1:9901,119.119.77.1,9901,http,,,,,http://119.119.77.1:9901,
119.120.196.1:9999,119.120.196.1,9999,http,,,,,http://119.120.196.1:9999,
119.125.104.1:9901,119.125.104.1,9901,http,,,,,http://119.125.104.1:9901,
119.125.128.1:9901,119.125.128.1,9901,http,,,,,http://119.125.128.1:9901,
119.125.129.1:9901,119.125.129.1,9901,http,,,,,http://119.125.129.1:9901,
119.125.130.1:9901,119.125.130.1,9901,http,,,,,http://119.125.130.1:9901,
119.125.131.1:9901,119.125.131.1,9901,http,,,,,http://119.125.131.1:9901,
119.125.134.1:7788,119.125.134.1,7788,http,,,,,http://119.125.134.1:7788,
119.125.134.1:9901,119.125.134.1,9901,http,,,,,http://119.125.134.1:9901,
119.129.173.1:9999,119.129.173.1,9999,http,,,,,http://119.129.173.1:9999,
119.142.76.1:9901,119.142.76.1,9901,http,,,,,http://119.142.76.1:9901,
119.142.77.1:9901,119.142.77.1,9901,http,,,,,http://119.142.77.1:9901,
119.163.199.1:9901,119.163.199.1,9901,http,,,,,http://119.163.199.1:9901,
119.163.228.1:9901,119.163.228.1,9901,http,,,,,http://119.163.228.1:9901,
119.163.56.1:9901,119.163.56.1,9901,http,,,,,http://119.163.56.1:9901,
119.163.57.1:9901,119.163.57.1,9901,http,,,,,http://119.163.57.1:9901,
119.163.60.1:9901,119.163.60.1,9901,http,,,,,http://119.163.60.1:9901,
119.163.61.1:9901,119.163.61.1,9901,http,,,,,http://119.163.61.1:9901,
119.163.63.1:9901,119.163.63.1,9901,http,,,,,http://119.163.63.1:9901,
119.164.81.1:9901,119.164.81.1,9901,http,,,,,http://119.164.81.1:9901,
119.177.21.1:9901,119.177.21.1,9901,http,,,,,http://119.177.21.1:9901,
119.177.23.1:9901,119.177.23.1,9901,http,,,,,http://119.177.23.1:9901,
119.179.182.1:9901,119.179.182.1,9901,http,,,,,http://119.179.182.1:9901,
119.183.200.1:9901,119.183.200.1,9901,http,,,,,http://119.183.200.1:9901,
119.39.192.1:9898,119.39.192.1,9898,http,,,,,http://119.39.192.1:9898,
119.51.52.1:9901,119.51.52.1,9901,http,,,,,http://119.51.52.1:9901,
119.51.62.1:9901,119.51.62.1,9901,http,,,,,http://119.51.62.1:9901,
119.51.63.1:9901,119.51.63.1,9901,http,,,,,http://119.51.63.1:9901,
119.51.64.1:9901,119.51.64.1,9901,http,,,,,http://119.51.64.1:9901,
119.62.28.1:9901,119.62.28.1,9901,http,,,,,http://119.62.28.1:9901,
119.62.36.1:9901,119.62.36.1,9901,http,,,,,http://119.62.36.1:9901,
119.62.80.1:9901,119.62.80.1,9901,http,,,,,http://119.62.80.1:9901,
120.0.52.1:8086,120.0.52.1,8086,http,,,,,http://120.0.52.1:8086,
120.0.8.1:8086,120.0.8.1,8086,http,,,,,http://120.0.8.1:8086,
120.197.43.1:9901,120.197.43.1,9901,http,,,,,http://120.197.43.1:9901,
120.198.96.1:9901,120.198.96.1,9901,http,,,,,http://120.198.96.1:9901,
120.198.99.1:9901,120.198.99.1,9901,http,,,,,http://120.198.99.1:9901,
120.211.129.1:9901,120.211.129.1,9901,http,,,,,http://120.211.129.1:9901,
120.224.178.1:9901,120.224.178.1,9901,http,,,,,http://120.224.178.1:9901,
120.224.23.1:9901,120.224.23.1,9901,http,,,,,http://120.224.23.1:9901,
120.238.150.1:9901,120.238.150.1,9901,http,,,,,http://120.238.150.1:9901,
120.238.85.1:9901,120.238.85.1,9901,http,,,,,http://120.238.85.1:9901,
121.19.134.1:808,121.19.134.1,808,http,,,,,http://121.19.134.1:808,
121.232.178.1:5000,121.232.178.1,5000,http,,,,,http://121.232.178.1:5000,
121.232.187.1:6000,121.232.187.1,6000,http,,,,,http://121.232.187.1:6000,
121.238.176.1:9901,121.238.176.1,9901,http,,,,,http://121.238.176.1:9901,
121.24.98.1:9901,121.24.98.1,9901,http,,,,,http://121.24.98.1:9901,
121.33.239.1:9901,121.33.239.1,9901,http,,,,,http://121.33.239.1:9901,
121.43.180.1:9901,121.43.180.1,9901,http,,,,,http://121.43.180.1:9901,
121.62.63.1:9901,121.62.63.1,9901,http,,,,,http://121.62.63.1:9901,
122.114.171.1:9901,122.114.171.1,9901,http,,,,,http://122.114.171.1:9901,
122.114.192.1:9901,122.114.192.1,9901,http,,,,,http://122.114.192.1:9901,
122.138.32.1:9999,122.138.32.1,9999,http,,,,,http://122.138.32.1:9999,
122.139.47.1:9901,122.139.47.1,9901,http,,,,,http://122.139.47.1:9901,
122.188.62.1:8800,122.188.62.1,8800,http,,,,,http://122.188.62.1:8800,
122.227.100.1:9901,122.227.100.1,9901,http,,,,,http://122.227.100.1:9901,
122.230.62.1:9901,122.230.62.1,9901,http,,,,,http://122.230.62.1:9901,
122.246.75.1:9901,122.246.75.1,9901,http,,,,,http://122.246.75.1:9901,
122.4.92.1:9991,122.4.92.1,9991,http,,,,,http://122.4.92.1:9991,
123.10.69.1:9901,123.10.69.1,9901,http,,,,,http://123.10.69.1:9901,
123.10.70.1:9901,123.10.70.1,9901,http,,,,,http://123.10.70.1:9901,
123.10.71.1:9901,123.10.71.1,9901,http,,,,,http://123.10.71.1:9901,
123.101.144.1:9901,123.101.144.1,9901,http,,,,,http://123.101.144.1:9901,
123.101.98.1:9898,123.101.98.1,9898,http,,,,,http://123.101.98.1:9898,
123.12.148.1:9901,123.12.148.1,9901,http,,,,,http://123.12.148.1:9901,
123.129.70.1:9901,123.129.70.1,9901,http,,,,,http://123.129.70.1:9901,
123.13.28.1:9901,123.13.28.1,9901,http,,,,,http://123.13.28.1:9901,
123.13.29.1:9901,123.13.29.1,9901,http,,,,,http://123.13.29.1:9901,
123.13.57.1:9901,123.13.57.1,9901,http,,,,,http://123.13.57.1:9901,
123.13.60.1:9901,123.13.60.1,9901,http,,,,,http://123.13.60.1:9901,
123.13.80.1:9901,123.13.80.1,9901,http,,,,,http://123.13.80.1:9901,
123.13.83.1:9901,123.13.83.1,9901,http,,,,,http://123.13.83.1:9901,
123.130.84.1:8154,123.130.84.1,8154,http,,,,,http://123.130.84.1:8154,
123.131.200.1:9901,123.131.200.1,9901,http,,,,,http://123.131.200.1:9901,
123.132.234.1:8154,123.132.234.1,8154,http,,,,,http://123.132.234.1:8154,
123.138.216.1:9902,123.138.216.1,9902,http,,,,,http://123.138.216.1:9902,
123.138.22.1:9901,123.138.22.1,9901,http,,,,,http://123.138.22.1:9901,
123.139.57.1:9901,123.139.57.1,9901,http,,,,,http://123.139.57.1:9901,
123.149.160.1:9901,123.149.160.1,9901,http,,,,,http://123.149.160.1:9901,
123.149.163.1:9901,123.149.163.1,9901,http,,,,,http://123.149.163.1:9901,
123.154.154.1:9901,123.154.154.1,9901,http,,,,,http://123.154.154.1:9901,
123.154.155.1:9901,123.154.155.1,9901,http,,,,,http://123.154.155.1:9901,
123.154.157.1:9901,123.154.157.1,9901,http,,,,,http://123.154.157.1:9901,
123.154.252.1:9901,123.154.252.1,9901,http,,,,,http://123.154.252.1:9901,
123.154.253.1:9901,123.154.253.1,9901,http,,,,,http://123.154.253.1:9901,
123.159.128.1:9901,123.159.128.1,9901,http,,,,,http://123.159.128.1:9901,
123.159.135.1:9901,123.159.135.1,9901,http,,,,,http://123.159.135.1:9901,
123.161.132.1:9901,123.161.132.1,9901,http,,,,,http://123.161.132.1:9901,
123.161.37.1:9901,123.161.37.1,9901,http,,,,,http://123.161.37.1:9901,
123.163.114.1:85,123.163.114.1,85,http,,,,,http://123.163.114.1:85,
123.163.114.1:9901,123.163.114.1,9901,http,,,,,http://123.163.114.1:9901,
123.163.21.1:9901,123.163.21.1,9901,http,,,,,http://123.163.21.1:9901,
123.163.55.1:9901,123.163.55.1,9901,http,,,,,http://123.163.55.1:9901,
123.163.94.1:9901,123.163.94.1,9901,http,,,,,http://123.163.94.1:9901,
123.182.209.1:8088,123.182.209.1,8088,http,,,,,http://123.182.209.1:8088,
123.182.211.1:8088,123.182.211.1,8088,http,,,,,http://123.182.211.1:8088,
123.182.212.1:9901,123.182.212.1,9901,http,,,,,http://123.182.212.1:9901,
123.182.247.1:4433,123.182.247.1,4433,http,,,,,http://123.182.247.1:4433,
123.183.24.1:6666,123.183.24.1,6666,http,,,,,http://123.183.24.1:6666,
123.183.25.1:6666,123.183.25.1,6666,http,,,,,http://123.183.25.1:6666,
123.183.27.1:6666,123.183.27.1,6666,http,,,,,http://123.183.27.1:6666,
123.189.36.1:9901,123.189.36.1,9901,http,,,,,http://123.189.36.1:9901,
123.235.8.1:9901,123.235.8.1,9901,http,,,,,http://123.235.8.1:9901,
123.4.125.1:9901,123.4.125.1,9901,http,,,,,http://123.4.125.1:9901,
123.52.12.1:9901,123.52.12.1,9901,http,,,,,http://123.52.12.1:9901,
123.54.171.1:9901,123.54.171.1,9901,http,,,,,http://123.54.171.1:9901,
123.54.220.1:9901,123.54.220.1,9901,http,,,,,http://123.54.220.1:9901,
123.55.3.1:9901,123.55.3.1,9901,http,,,,,http://123.55.3.1:9901,
123.7.110.1:9901,123.7.110.1,9901,http,,,,,http://123.7.110.1:9901,
123.9.47.1:9901,123.9.47.1,9901,http,,,,,http://123.9.47.1:9901,
124.126.4.1:9901,124.126.4.1,9901,http,,,,,http://124.126.4.1:9901,
124.128.73.1:9901,124.128.73.1,9901,http,,,,,http://124.128.73.1:9901,
124.129.235.1:9901,124.129.235.1,9901,http,,,,,http://124.129.235.1:9901,
124.152.247.1:2001,124.152.247.1,2001,http,,,,,http://124.152.247.1:2001,
124.228.160.1:9901,124.228.160.1,9901,http,,,,,http://124.228.160.1:9901,
124.229.231.1:9901,124.229.231.1,9901,http,,,,,http://124.229.231.1:9901,
124.231.212.1:9999,124.231.212.1,9999,http,,,,,http://124.231.212.1:9999,
124.231.213.1:9999,124.231.213.1,9999,http,,,,,http://124.231.213.1:9999,
124.231.214.1:9999,124.231.214.1,9999,http,,,,,http://124.231.214.1:9999,
124.234.179.1:9901,124.234.179.1,9901,http,,,,,http://124.234.179.1:9901,
124.234.199.1:9901,124.234.199.1,9901,http,,,,,http://124.234.199.1:9901,
124.238.110.1:9999,124.238.110.1,9999,http,,,,,http://124.238.110.1:9999,
124.66.82.1:9901,124.66.82.1,9901,http,,,,,http://124.66.82.1:9901,
124.90.211.1:9901,124.90.211.1,9901,http,,,,,http://124.90.211.1:9901,
124.94.193.1:9902,124.94.193.1,9902,http,,,,,http://124.94.193.1:9902,
125.106.86.1:9901,125.106.86.1,9901,http,,,,,http://125.106.86.1:9901,
125.107.177.1:9901,125.107.177.1,9901,http,,,,,http://125.107.177.1:9901,
125.107.97.1:9901,125.107.97.1,9901,http,,,,,http://125.107.97.1:9901,
125.114.210.1:9901,125.114.210.1,9901,http,,,,,http://125.114.210.1:9901,
125.114.241.1:9901,125.114.241.1,9901,http,,,,,http://125.114.241.1:9901,
125.115.210.1:9901,125.115.210.1,9901,http,,,,,http://125.115.210.1:9901,
125.119.48.1:9901,125.119.48.1,9901,http,,,,,http://125.119.48.1:9901,
125.125.129.1:9901,125.125.129.1,9901,http,,,,,http://125.125.129.1:9901,
125.125.133.1:9901,125.125.133.1,9901,http,,,,,http://125.125.133.1:9901,
125.125.134.1:9901,125.125.134.1,9901,http,,,,,http://125.125.134.1:9901,
125.125.225.1:9901,125.125.225.1,9901,http,,,,,http://125.125.225.1:9901,
125.125.233.1:9901,125.125.233.1,9901,http,,,,,http://125.125.233.1:9901,
125.125.234.1:9901,125.125.234.1,9901,http,,,,,http://125.125.234.1:9901,
125.125.236.1:9901,125.125.236.1,9901,http,,,,,http://125.125.236.1:9901,
125.32.120.1:9901,125.32.120.1,9901,http,,,,,http://125.32.120.1:9901,
125.42.148.1:9901,125.42.148.1,9901,http,,,,,http://125.42.148.1:9901,
125.42.150.1:9901,125.42.150.1,9901,http,,,,,http://125.42.150.1:9901,
125.42.151.1:9901,125.42.151.1,9901,http,,,,,http://125.42.151.1:9901,
125.43.240.1:9901,125.43.240.1,9901,http,,,,,http://125.43.240.1:9901,
125.43.244.1:9901,125.43.244.1,9901,http,,,,,http://125.43.244.1:9901,
125.43.247.1:9901,125.43.247.1,9901,http,,,,,http://125.43.247.1:9901,
125.43.249.1:9901,125.43.249.1,9901,http,,,,,http://125.43.249.1:9901,
125.71.73.1:9901,125.71.73.1,9901,http,,,,,http://125.71.73.1:9901,
125.93.74.1:9002,125.93.74.1,9002,http,,,,,http://125.93.74.1:9002,
139.209.36.1:9901,139.209.36.1,9901,http,,,,,http://139.209.36.1:9901,
139.209.39.1:9901,139.209.39.1,9901,http,,,,,http://139.209.39.1:9901,
14.106.236.1:9901,14.106.236.1,9901,http,,,,,http://14.106.236.1:9901,
14.106.239.1:9901,14.106.239.1,9901,http,,,,,http://14.106.239.1:9901,
14.204.108.1:9901,14.204.108.1,9901,http,,,,,http://14.204.108.1:9901,
14.204.109.1:9901,14.204.109.1,9901,http,,,,,http://14.204.109.1:9901,
14.204.29.1:9901,14.204.29.1,9901,http,,,,,http://14.204.29.1:9901,
14.204.46.1:9901,14.204.46.1,9901,http,,,,,http://14.204.46.1:9901,
14.204.53.1:9901,14.204.53.1,9901,http,,,,,http://14.204.53.1:9901,
14.212.185.1:9901,14.212.185.1,9901,http,,,,,http://14.212.185.1:9901,
14.216.204.1:8883,14.216.204.1,8883,http,,,,,http://14.216.204.1:8883,
14.216.215.1:8883,14.216.215.1,8883,http,,,,,http://14.216.215.1:8883,
14.216.218.1:8883,14.216.218.1,8883,http,,,,,http://14.216.218.1:8883,
14.216.220.1:8883,14.216.220.1,8883,http,,,,,http://14.216.220.1:8883,
14.216.221.1:8883,14.216.221.1,8883,http,,,,,http://14.216.221.1:8883,
14.216.227.1:8883,14.216.227.1,8883,http,,,,,http://14.216.227.1:8883,
14.29.76.1:9901,14.29.76.1,9901,http,,,,,http://14.29.76.1:9901,
144.52.160.1:9901,144.52.160.1,9901,http,,,,,http://144.52.160.1:9901,
144.52.162.1:9901,144.52.162.1,9901,http,,,,,http://144.52.162.1:9901,
150.255.145.1:9901,150.255.145.1,9901,http,,,,,http://150.255.145.1:9901,
150.255.149.1:9901,150.255.149.1,9901,http,,,,,http://150.255.149.1:9901,
150.255.150.1:9901,150.255.150.1,9901,http,,,,,http://150.255.150.1:9901,
150.255.157.1:9901,150.255.157.1,9901,http,,,,,http://150.255.157.1:9901,
150.255.216.1:9901,150.255.216.1,9901,http,,,,,http://150.255.216.1:9901,
153.0.204.1:9901,153.0.204.1,9901,http,,,,,http://153.0.204.1:9901,
163.177.122.1:9901,163.177.122.1,9901,http,,,,,http://163.177.122.1:9901,
171.104.198.1:8181,171.104.198.1,8181,http,,,,,http://171.104.198.1:8181,
171.106.217.1:8181,171.106.217.1,8181,http,,,,,http://171.106.217.1:8181,
171.108.239.1:8181,171.108.239.1,8181,http,,,,,http://171.108.239.1:8181,
171.109.208.1:8099,171.109.208.1,8099,http,,,,,http://171.109.208.1:8099,
171.109.6.1:8181,171.109.6.1,8181,http,,,,,http://171.109.6.1:8181,
171.12.164.1:9901,171.12.164.1,9901,http,,,,,http://171.12.164.1:9901,
171.12.189.1:9901,171.12.189.1,9901,http,,,,,http://171.12.189.1:9901,
171.14.89.1:9901,171.14.89.1,9901,http,,,,,http://171.14.89.1:9901,
171.35.124.1:10011,171.35.124.1,10011,http,,,,,http://171.35.124.1:10011,
171.38.194.1:8082,171.38.194.1,8082,http,,,,,http://171.38.194.1:8082,
171.8.75.1:8011,171.8.75.1,8011,http,,,,,http://171.8.75.1:8011,
175.0.32.1:8081,175.0.32.1,8081,http,,,,,http://175.0.32.1:8081,
175.0.35.1:8081,175.0.35.1,8081,http,,,,,http://175.0.35.1:8081,
175.16.149.1:9901,175.16.149.1,9901,http,,,,,http://175.16.149.1:9901,
175.16.151.1:9901,175.16.151.1,9901,http,,,,,http://175.16.151.1:9901,
175.16.153.1:9901,175.16.153.1,9901,http,,,,,http://175.16.153.1:9901,
175.16.155.1:9901,175.16.155.1,9901,http,,,,,http://175.16.155.1:9901,
175.16.184.1:9901,175.16.184.1,9901,http,,,,,http://175.16.184.1:9901,
175.16.198.1:9901,175.16.198.1,9901,http,,,,,http://175.16.198.1:9901,
175.16.250.1:9901,175.16.250.1,9901,http,,,,,http://175.16.250.1:9901,
175.18.189.1:9902,175.18.189.1,9902,http,,,,,http://175.18.189.1:9902,
175.8.87.1:9998,175.8.87.1,9998,http,,,,,http://175.8.87.1:9998,
180.113.102.1:5000,180.113.102.1,5000,http,,,,,http://180.113.102.1:5000,
180.117.149.1:9901,180.117.149.1,9901,http,,,,,http://180.117.149.1:9901,
180.124.146.1:60000,180.124.146.1,60000,http,,,,,http://180.124.146.1:60000,
180.175.163.1:7777,180.175.163.1,7777,http,,,,,http://180.175.163.1:7777,
180.213.174.1:9901,180.213.174.1,9901,http,,,,,http://180.213.174.1:9901,
182.112.188.1:9901,182.112.188.1,9901,http,,,,,http://182.112.188.1:9901,
182.112.28.1:9901,182.112.28.1,9901,http,,,,,http://182.112.28.1:9901,
182.113.201.1:9901,182.113.201.1,9901,http,,,,,http://182.113.201.1:9901,
182.113.206.1:9901,182.113.206.1,9901,http,,,,,http://182.113.206.1:9901,
182.113.6.1:9901,182.113.6.1,9901,http,,,,,http://182.113.6.1:9901,
182.114.185.1:9901,182.114.185.1,9901,http,,,,,http://182.114.185.1:9901,
182.114.212.1:9901,182.114.212.1,9901,http,,,,,http://182.114.212.1:9901,
182.114.214.1:9901,182.114.214.1,9901,http,,,,,http://182.114.214.1:9901,
182.114.215.1:9901,182.114.215.1,9901,http,,,,,http://182.114.215.1:9901,
182.114.48.1:9901,182.114.48.1,9901,http,,,,,http://182.114.48.1:9901,
182.114.49.1:9901,182.114.49.1,9901,http,,,,,http://182.114.49.1:9901,
182.114.50.1:9901,182.114.50.1,9901,http,,,,,http://182.114.50.1:9901,
182.117.136.1:9901,182.117.136.1,9901,http,,,,,http://182.117.136.1:9901,
182.117.90.1:9901,182.117.90.1,9901,http,,,,,http://182.117.90.1:9901,
182.120.229.1:9901,182.120.229.1,9901,http,,,,,http://182.120.229.1:9901,
182.122.122.1:9901,182.122.122.1,9901,http,,,,,http://182.122.122.1:9901,
182.122.73.1:10086,182.122.73.1,10086,http,,,,,http://182.122.73.1:10086,
182.125.172.1:9901,182.125.172.1,9901,http,,,,,http://182.125.172.1:9901,
182.126.114.1:9901,182.126.114.1,9901,http,,,,,http://182.126.114.1:9901,
182.126.115.1:9901,182.126.115.1,9901,http,,,,,http://182.126.115.1:9901,
182.126.119.1:9901,182.126.119.1,9901,http,,,,,http://182.126.119.1:9901,
182.150.25.1:9901,182.150.25.1,9901,http,,,,,http://182.150.25.1:9901,
182.241.192.1:9901,182.241.192.1,9901,http,,,,,http://182.241.192.1:9901,
182.241.193.1:9901,182.241.193.1,9901,http,,,,,http://182.241.193.1:9901,
182.241.194.1:9901,182.241.194.1,9901,http,,,,,http://182.241.194.1:9901,
182.34.67.1:9901,182.34.67.1,9901,http,,,,,http://182.34.67.1:9901,
182.46.196.1:9901,182.46.196.1,9901,http,,,,,http://182.46.196.1:9901,
183.0.186.1:8888,183.0.186.1,8888,http,,,,,http://183.0.186.1:8888,
183.0.186.1:9900,183.0.186.1,9900,http,,,,,http://183.0.186.1:9900,
183.10.180.1:9901,183.10.180.1,9901,http,,,,,http://183.10.180.1:9901,
183.10.181.1:9901,183.10.181.1,9901,http,,,,,http://183.10.181.1:9901,
183.131.246.1:9901,183.131.246.1,9901,http,,,,,http://183.131.246.1:9901,
183.136.148.1:9901,183.136.148.1,9901,http,,,,,http://183.136.148.1:9901,
183.203.147.1:9901,183.203.147.1,9901,http,,,,,http://183.203.147.1:9901,
183.203.151.1:9901,183.203.151.1,9901,http,,,,,http://183.203.151.1:9901,
183.238.113.1:8883,183.238.113.1,8883,http,,,,,http://183.238.113.1:8883,
183.239.226.1:9901,183.239.226.1,9901,http,,,,,http://183.239.226.1:9901,
183.24.48.1:9901,183.24.48.1,9901,http,,,,,http://183.24.48.1:9901,
183.255.41.1:9901,183.255.41.1,9901,http,,,,,http://183.255.41.1:9901,
183.63.15.1:9901,183.63.15.1,9901,http,,,,,http://183.63.15.1:9901,
183.94.146.1:2222,183.94.146.1,2222,http,,,,,http://183.94.146.1:2222,
202.100.46.1:9901,202.100.46.1,9901,http,,,,,http://202.100.46.1:9901,
202.168.187.1:2024,202.168.187.1,2024,http,,,,,http://202.168.187.1:2024,
202.168.187.1:9999,202.168.187.1,9999,http,,,,,http://202.168.187.1:9999,
210.22.75.1:9901,210.22.75.1,9901,http,,,,,http://210.22.75.1:9901,
211.142.224.1:2023,211.142.224.1,2023,http,,,,,http://211.142.224.1:2023,
218.13.170.1:9901,218.13.170.1,9901,http,,,,,http://218.13.170.1:9901,
218.29.147.1:9901,218.29.147.1,9901,http,,,,,http://218.29.147.1:9901,
218.71.245.1:9901,218.71.245.1,9901,http,,,,,http://218.71.245.1:9901,
218.74.169.1:9901,218.74.169.1,9901,http,,,,,http://218.74.169.1:9901,
218.74.171.1:9901,218.74.171.1,9901,http,,,,,http://218.74.171.1:9901,
218.75.241.1:9901,218.75.241.1,9901,http,,,,,http://218.75.241.1:9901,
218.76.32.1:9901,218.76.32.1,9901,http,,,,,http://218.76.32.1:9901,
218.77.81.1:9901,218.77.81.1,9901,http,,,,,http://218.77.81.1:9901,
218.87.237.1:9901,218.87.237.1,9901,http,,,,,http://218.87.237.1:9901,
219.137.202.1:9999,219.137.202.1,9999,http,,,,,http://219.137.202.1:9999,
219.146.83.1:9902,219.146.83.1,9902,http,,,,,http://219.146.83.1:9902,
219.146.90.1:9901,219.146.90.1,9901,http,,,,,http://219.146.90.1:9901,
219.154.240.1:9901,219.154.240.1,9901,http,,,,,http://219.154.240.1:9901,
219.154.241.1:9901,219.154.241.1,9901,http,,,,,http://219.154.241.1:9901,
219.154.242.1:9901,219.154.242.1,9901,http,,,,,http://219.154.242.1:9901,
219.154.243.1:9901,219.154.243.1,9901,http,,,,,http://219.154.243.1:9901,
219.156.143.1:9901,219.156.143.1,9901,http,,,,,http://219.156.143.1:9901,
219.159.194.1:8181,219.159.194.1,8181,http,,,,,http://219.159.194.1:8181,
220.161.206.1:9901,220.161.206.1,9901,http,,,,,http://220.161.206.1:9901,
220.163.178.1:8888,220.163.178.1,8888,http,,,,,http://220.163.178.1:8888,
220.164.192.1:50085,220.164.192.1,50085,http,,,,,http://220.164.192.1:50085,
220.179.68.1:9901,220.179.68.1,9901,http,,,,,http://220.179.68.1:9901,
220.180.109.1:9901,220.180.109.1,9901,http,,,,,http://220.180.109.1:9901,
220.180.109.1:9902,220.180.109.1,9902,http,,,,,http://220.180.109.1:9902,
220.180.112.1:9901,220.180.112.1,9901,http,,,,,http://220.180.112.1:9901,
220.180.229.1:9901,220.180.229.1,9901,http,,,,,http://220.180.229.1:9901,
220.202.98.1:14901,220.202.98.1,14901,http,,,,,http://220.202.98.1:14901,
220.248.173.1:9901,220.248.173.1,9901,http,,,,,http://220.248.173.1:9901,
220.248.188.1:8991,220.248.188.1,8991,http,,,,,http://220.248.188.1:8991,
220.249.114.1:9901,220.249.114.1,9901,http,,,,,http://220.249.114.1:9901,
221.13.235.1:9901,221.13.235.1,9901,http,,,,,http://221.13.235.1:9901,
221.14.152.1:9901,221.14.152.1,9901,http,,,,,http://221.14.152.1:9901,
221.14.153.1:9901,221.14.153.1,9901,http,,,,,http://221.14.153.1:9901,
221.14.155.1:9901,221.14.155.1,9901,http,,,,,http://221.14.155.1:9901,
221.14.156.1:9901,221.14.156.1,9901,http,,,,,http://221.14.156.1:9901,
221.14.158.1:9901,221.14.158.1,9901,http,,,,,http://221.14.158.1:9901,
221.14.159.1:9901,221.14.159.1,9901,http,,,,,http://221.14.159.1:9901,
221.193.168.1:9901,221.193.168.1,9901,http,,,,,http://221.193.168.1:9901,
221.2.148.1:8154,221.2.148.1,8154,http,,,,,http://221.2.148.1:8154,
221.205.128.1:9999,221.205.128.1,9999,http,,,,,http://221.205.128.1:9999,
221.205.129.1:9999,221.205.129.1,9999,http,,,,,http://221.205.129.1:9999,
221.205.130.1:9999,221.205.130.1,9999,http,,,,,http://221.205.130.1:9999,
221.205.131.1:9999,221.205.131.1,9999,http,,,,,http://221.205.131.1:9999,
221.206.104.1:9901,221.206.104.1,9901,http,,,,,http://221.206.104.1:9901,
221.213.69.1:9901,221.213.69.1,9901,http,,,,,http://221.213.69.1:9901,
221.213.94.1:9901,221.213.94.1,9901,http,,,,,http://221.213.94.1:9901,
221.224.4.1:1111,221.224.4.1,1111,http,,,,,http://221.224.4.1:1111,
221.224.72.1:9901,221.224.72.1,9901,http,,,,,http://221.224.72.1:9901,
221.225.236.1:9901,221.225.236.1,9901,http,,,,,http://221.225.236.1:9901,
221.226.4.1:9901,221.226.4.1,9901,http,,,,,http://221.226.4.1:9901,
221.226.8.1:9527,221.226.8.1,9527,http,,,,,http://221.226.8.1:9527,
221.233.192.1:1111,221.233.192.1,1111,http,,,,,http://221.233.192.1:1111,
221.7.239.1:8181,221.7.239.1,8181,http,,,,,http://221.7.239.1:8181,
221.9.97.1:9901,221.9.97.1,9901,http,,,,,http://221.9.97.1:9901,
222.134.245.1:9901,222.134.245.1,9901,http,,,,,http://222.134.245.1:9901,
222.136.68.1:9901,222.136.68.1,9901,http,,,,,http://222.136.68.1:9901,
222.138.109.1:9901,222.138.109.1,9901,http,,,,,http://222.138.109.1:9901,
222.140.9.1:9901,222.140.9.1,9901,http,,,,,http://222.140.9.1:9901,
222.142.198.1:9901,222.142.198.1,9901,http,,,,,http://222.142.198.1:9901,
222.142.72.1:9901,222.142.72.1,9901,http,,,,,http://222.142.72.1:9901,
222.142.73.1:9901,222.142.73.1,9901,http,,,,,http://222.142.73.1:9901,
222.142.93.1:9901,222.142.93.1,9901,http,,,,,http://222.142.93.1:9901,
222.169.70.1:9901,222.169.70.1,9901,http,,,,,http://222.169.70.1:9901,
222.173.134.1:8888,222.173.134.1,8888,http,,,,,http://222.173.134.1:8888,
222.174.140.1:9901,222.174.140.1,9901,http,,,,,http://222.174.140.1:9901,
222.175.199.1:9901,222.175.199.1,9901,http,,,,,http://222.175.199.1:9901,
222.185.245.1:9901,222.185.245.1,9901,http,,,,,http://222.185.245.1:9901,
222.190.173.1:9901,222.190.173.1,9901,http,,,,,http://222.190.173.1:9901,
222.218.158.1:8181,222.218.158.1,8181,http,,,,,http://222.218.158.1:8181,
222.240.60.1:9901,222.240.60.1,9901,http,,,,,http://222.240.60.1:9901,
222.241.154.1:9901,222.241.154.1,9901,http,,,,,http://222.241.154.1:9901,
222.243.221.1:9901,222.243.221.1,9901,http,,,,,http://222.243.221.1:9901,
222.243.24.1:9901,222.243.24.1,9901,http,,,,,http://222.243.24.1:9901,
222.84.192.1:8181,222.84.192.1,8181,http,,,,,http://222.84.192.1:8181,
222.84.193.1:8181,222.84.193.1,8181,http,,,,,http://222.84.193.1:8181,
222.89.19.1:9901,222.89.19.1,9901,http,,,,,http://222.89.19.1:9901,
222.89.210.1:9901,222.89.210.1,9901,http,,,,,http://222.89.210.1:9901,
222.92.7.1:3333,222.92.7.1,3333,http,,,,,http://222.92.7.1:3333,
222.92.7.1:3334,222.92.7.1,3334,http,,,,,http://222.92.7.1:3334,
223.151.51.1:9901,223.151.51.1,9901,http,,,,,http://223.151.51.1:9901,
223.159.11.1:8099,223.159.11.1,8099,http,,,,,http://223.159.11.1:8099,
223.159.8.1:8099,223.159.8.1,8099,http,,,,,http://223.159.8.1:8099,
223.159.9.1:8099,223.159.9.1,8099,http,,,,,http://223.159.9.1:8099,
223.166.234.1:7777,223.166.234.1,7777,http,,,,,http://223.166.234.1:7777,
223.199.83.1:9901,223.199.83.1,9901,http,,,,,http://223.199.83.1:9901,
223.241.247.1:9901,223.241.247.1,9901,http,,,,,http://223.241.247.1:9901,
223.243.10.1:9008,223.243.10.1,9008,http,,,,,http://223.243.10.1:9008,
223.243.2.1:9008,223.243.2.1,9008,http,,,,,http://223.243.2.1:9008,
223.68.201.1:9901,223.68.201.1,9901,http,,,,,http://223.68.201.1:9901,
223.75.123.1:9901,223.75.123.1,9901,http,,,,,http://223.75.123.1:9901,
223.75.148.1:9901,223.75.148.1,9901,http,,,,,http://223.75.148.1:9901,
27.14.163.1:9901,27.14.163.1,9901,http,,,,,http://27.14.163.1:9901,
27.14.84.1:9901,27.14.84.1,9901,http,,,,,http://27.14.84.1:9901,
27.188.213.1:9901,27.188.213.1,9901,http,,,,,http://27.188.213.1:9901,
27.188.9.1:9901,27.188.9.1,9901,http,,,,,http://27.188.9.1:9901,
27.192.126.1:9901,27.192.126.1,9901,http,,,,,http://27.192.126.1:9901,
27.203.143.1:9901,27.203.143.1,9901,http,,,,,http://27.203.143.1:9901,
27.223.98.1:9901,27.223.98.1,9901,http,,,,,http://27.223.98.1:9901,
27.36.116.1:9901,27.36.116.1,9901,http,,,,,http://27.36.116.1:9901,
27.8.192.1:9901,27.8.192.1,9901,http,,,,,http://27.8.192.1:9901,
27.8.233.1:9901,27.8.233.1,9901,http,,,,,http://27.8.233.1:9901,
27.8.243.1:9901,27.8.243.1,9901,http,,,,,http://27.8.243.1:9901,
36.134.209.1:9901,36.134.209.1,9901,http,,,,,http://36.134.209.1:9901,
36.136.77.1:9901,36.136.77.1,9901,http,,,,,http://36.136.77.1:9901,
36.249.150.1:9901,36.249.150.1,9901,http,,,,,http://36.249.150.1:9901,
36.249.151.1:9901,36.249.151.1,9901,http,,,,,http://36.249.151.1:9901,
36.34.58.1:9901,36.34.58.1,9901,http,,,,,http://36.34.58.1:9901,
36.35.220.1:9901,36.35.220.1,9901,http,,,,,http://36.35.220.1:9901,
36.35.223.1:9901,36.35.223.1,9901,http,,,,,http://36.35.223.1:9901,
36.40.236.1:9999,36.40.236.1,9999,http,,,,,http://36.40.236.1:9999,
36.44.157.1:9901,36.44.157.1,9901,http,,,,,http://36.44.157.1:9901,
36.44.159.1:9901,36.44.159.1,9901,http,,,,,http://36.44.159.1:9901,
36.49.56.1:9901,36.49.56.1,9901,http,,,,,http://36.49.56.1:9901,
36.99.134.1:9901,36.99.134.1,9901,http,,,,,http://36.99.134.1:9901,
36.99.206.1:9901,36.99.206.1,9901,http,,,,,http://36.99.206.1:9901,
39.152.171.1:9901,39.152.171.1,9901,http,,,,,http://39.152.171.1:9901,
39.164.202.1:8899,39.164.202.1,8899,http,,,,,http://39.164.202.1:8899,
39.164.222.1:888,39.164.222.1,888,http,,,,,http://39.164.222.1:888,
39.165.44.1:9901,39.165.44.1,9901,http,,,,,http://39.165.44.1:9901,
39.74.142.1:9999,39.74.142.1,9999,http,,,,,http://39.74.142.1:9999,
42.225.203.1:9901,42.225.203.1,9901,http,,,,,http://42.225.203.1:9901,
42.225.222.1:9901,42.225.222.1,9901,http,,,,,http://42.225.222.1:9901,
42.235.4.1:9901,42.235.4.1,9901,http,,,,,http://42.235.4.1:9901,
42.237.248.1:9901,42.237.248.1,9901,http,,,,,http://42.237.248.1:9901,
42.237.26.1:9901,42.237.26.1,9901,http,,,,,http://42.237.26.1:9901,
42.238.233.1:9901,42.238.233.1,9901,http,,,,,http://42.238.233.1:9901,
42.238.237.1:9901,42.238.237.1,9901,http,,,,,http://42.238.237.1:9901,
42.48.50.1:9002,42.48.50.1,9002,http,,,,,http://42.48.50.1:9002,
42.49.148.1:9901,42.49.148.1,9901,http,,,,,http://42.49.148.1:9901,
42.49.189.1:9008,42.49.189.1,9008,http,,,,,http://42.49.189.1:9008,
42.5.185.1:9901,42.5.185.1,9901,http,,,,,http://42.5.185.1:9901,
42.5.86.1:9901,42.5.86.1,9901,http,,,,,http://42.5.86.1:9901,
47.104.163.1:9901,47.104.163.1,9901,http,,,,,http://47.104.163.1:9901,
47.116.70.1:9901,47.116.70.1,9901,http,,,,,http://47.116.70.1:9901,
47.122.26.1:9901,47.122.26.1,9901,http,,,,,http://47.122.26.1:9901,
49.232.48.1:9901,49.232.48.1,9901,http,,,,,http://49.232.48.1:9901,
49.234.31.1:7004,49.234.31.1,7004,http,,,,,http://49.234.31.1:7004,
58.17.116.1:9908,58.17.116.1,9908,http,,,,,http://58.17.116.1:9908,
58.19.133.1:9901,58.19.133.1,9901,http,,,,,http://58.19.133.1:9901,
58.19.244.1:1111,58.19.244.1,1111,http,,,,,http://58.19.244.1:1111,
58.20.77.1:9002,58.20.77.1,9002,http,,,,,http://58.20.77.1:9002,
58.209.101.1:9901,58.209.101.1,9901,http,,,,,http://58.209.101.1:9901,
58.210.23.1:9901,58.210.23.1,9901,http,,,,,http://58.210.23.1:9901,
58.210.60.1:9901,58.210.60.1,9901,http,,,,,http://58.210.60.1:9901,
58.216.229.1:9901,58.216.229.1,9901,http,,,,,http://58.216.229.1:9901,
58.218.184.1:9901,58.218.184.1,9901,http,,,,,http://58.218.184.1:9901,
58.220.219.1:1099,58.220.219.1,1099,http,,,,,http://58.220.219.1:1099,
58.220.219.1:9901,58.220.219.1,9901,http,,,,,http://58.220.219.1:9901,
58.23.26.1:9901,58.23.26.1,9901,http,,,,,http://58.23.26.1:9901,
58.23.27.1:9901,58.23.27.1,9901,http,,,,,http://58.23.27.1:9901,
58.242.103.1:9901,58.242.103.1,9901,http,,,,,http://58.242.103.1:9901,
58.243.224.1:9901,58.243.224.1,9901,http,,,,,http://58.243.224.1:9901,
58.243.234.1:9901,58.243.234.1,9901,http,,,,,http://58.243.234.1:9901,
58.243.33.1:9901,58.243.33.1,9901,http,,,,,http://58.243.33.1:9901,
58.243.93.1:9901,58.243.93.1,9901,http,,,,,http://58.243.93.1:9901,
58.245.97.1:9901,58.245.97.1,9901,http,,,,,http://58.245.97.1:9901,
58.245.99.1:9901,58.245.99.1,9901,http,,,,,http://58.245.99.1:9901,
58.48.37.1:1111,58.48.37.1,1111,http,,,,,http://58.48.37.1:1111,
58.48.5.1:1111,58.48.5.1,1111,http,,,,,http://58.48.5.1:1111,
58.51.111.1:1111,58.51.111.1,1111,http,,,,,http://58.51.111.1:1111,
58.51.111.1:9901,58.51.111.1,9901,http,,,,,http://58.51.111.1:9901,
58.53.152.1:9901,58.53.152.1,9901,http,,,,,http://58.53.152.1:9901,
58.53.153.1:9901,58.53.153.1,9901,http,,,,,http://58.53.153.1:9901,
58.53.154.1:9901,58.53.154.1,9901,http,,,,,http://58.53.154.1:9901,
58.53.155.1:9901,58.53.155.1,9901,http,,,,,http://58.53.155.1:9901,
58.57.155.1:9901,58.57.155.1,9901,http,,,,,http://58.57.155.1:9901,
58.57.21.1:9901,58.57.21.1,9901,http,,,,,http://58.57.21.1:9901,
58.57.40.1:9901,58.57.40.1,9901,http,,,,,http://58.57.40.1:9901,
59.173.183.1:9901,59.173.183.1,9901,http,,,,,http://59.173.183.1:9901,
59.173.243.1:9901,59.173.243.1,9901,http,,,,,http://59.173.243.1:9901,
59.32.97.1:9901,59.32.97.1,9901,http,,,,,http://59.32.97.1:9901,
59.44.10.1:9901,59.44.10.1,9901,http,,,,,http://59.44.10.1:9901,
59.44.203.1:9901,59.44.203.1,9901,http,,,,,http://59.44.203.1:9901,
59.49.186.1:9901,59.49.186.1,9901,http,,,,,http://59.49.186.1:9901,
59.49.187.1:9901,59.49.187.1,9901,http,,,,,http://59.49.187.1:9901,
59.49.191.1:9901,59.49.191.1,9901,http,,,,,http://59.49.191.1:9901,
59.50.106.1:9901,59.50.106.1,9901,http,,,,,http://59.50.106.1:9901,
59.62.8.1:9901,59.62.8.1,9901,http,,,,,http://59.62.8.1:9901,
59.63.22.1:8888,59.63.22.1,8888,http,,,,,http://59.63.22.1:8888,
60.12.183.1:9901,60.12.183.1,9901,http,,,,,http://60.12.183.1:9901,
60.167.15.1:9901,60.167.15.1,9901,http,,,,,http://60.167.15.1:9901,
60.169.254.1:9901,60.169.254.1,9901,http,,,,,http://60.169.254.1:9901,
60.172.59.1:9901,60.172.59.1,9901,http,,,,,http://60.172.59.1:9901,
60.174.40.1:9901,60.174.40.1,9901,http,,,,,http://60.174.40.1:9901,
60.174.86.1:9901,60.174.86.1,9901,http,,,,,http://60.174.86.1:9901,
60.185.9.1:9,60.185.9.1,9,http,,,,,http://60.185.9.1:9,
60.187.74.1:9901,60.187.74.1,9901,http,,,,,http://60.187.74.1:9901,
60.190.18.1:9901,60.190.18.1,9901,http,,,,,http://60.190.18.1:9901,
60.209.232.1:9901,60.209.232.1,9901,http,,,,,http://60.209.232.1:9901,
60.213.92.1:9901,60.213.92.1,9901,http,,,,,http://60.213.92.1:9901,
60.217.73.1:83,60.217.73.1,83,http,,,,,http://60.217.73.1:83,
60.255.137.1:9901,60.255.137.1,9901,http,,,,,http://60.255.137.1:9901,
60.255.47.1:8801,60.255.47.1,8801,http,,,,,http://60.255.47.1:8801,
60.255.47.1:9901,60.255.47.1,9901,http,,,,,http://60.255.47.1:9901,
60.4.9.1:9901,60.4.9.1,9901,http,,,,,http://60.4.9.1:9901,
61.130.72.1:8888,61.130.72.1,8888,http,,,,,http://61.130.72.1:8888,
61.136.172.1:9901,61.136.172.1,9901,http,,,,,http://61.136.172.1:9901,
61.136.67.1:50085,61.136.67.1,50085,http,,,,,http://61.136.67.1:50085,
61.138.128.1:19901,61.138.128.1,19901,http,,,,,http://61.138.128.1:19901,
61.141.114.1:8883,61.141.114.1,8883,http,,,,,http://61.141.114.1:8883,
61.143.43.1:3333,61.143.43.1,3333,http,,,,,http://61.143.43.1:3333,
61.153.215.1:9901,61.153.215.1,9901,http,,,,,http://61.153.215.1:9901,
61.156.228.1:8154,61.156.228.1,8154,http,,,,,http://61.156.228.1:8154,
61.163.181.1:9901,61.163.181.1,9901,http,,,,,http://61.163.181.1:9901,
61.173.144.1:9901,61.173.144.1,9901,http,,,,,http://61.173.144.1:9901,
61.175.237.1:1111,61.175.237.1,1111,http,,,,,http://61.175.237.1:1111,
61.175.237.1:9901,61.175.237.1,9901,http,,,,,http://61.175.237.1:9901,
61.184.128.1:1111,61.184.128.1,1111,http,,,,,http://61.184.128.1:1111,
61.184.128.1:9901,61.184.128.1,9901,http,,,,,http://61.184.128.1:9901,
61.53.90.1:9901,61.53.90.1,9901,http,,,,,http://61.53.90.1:9901,
61.54.14.1:9901,61.54.14.1,9901,http,,,,,http://61.54.14.1:9901,
